Workbook

Sheet Procesos
A1: Machine | B1: Process
A2: Load A | B2: Process A
A3: Main A | B3: Process A
A4: Transfer A | B4: Process A
A5: Unload A | B5: Process A
A6: Load B | B6: Process B
A7: Main B1 | B7: Process B
A8: Main B2 | B8: Process B
A9: Transfer B | B9: Process B
A10: Unload B | B10: Process B
A11: Load C | B11: Process C
A12: Main C | B12: Process C
... A14: Unload C | B14: Process C

Sheet Part code
A1: Part code | B1: Descripcion | C1: Design Cycle time (min) | D1: Process | E1: $ LOSS per unit | F1: COSTO del retrabajo
A2: Cab123 | B2: Gabinete 123 | C2: 1 | D2: Process A | E2: 25 | F2: 12.5
A3: Cab456 | B3: Gabinete 456 | C3: 1 | D3: Process A | E3: 30 | F3: 15
A4: Door78 | B4: Main door | C4: 0.9 | D4: Process B | E4: 20 | F4: 10
A5: Door89 | B5: Freezer door | C5: 0.95 | D5: Process B | E5: 15 | F5: 7.5
A6: Com1 | B6: Compressor 1 | C6: 1.1 | D6: Process C | E6: 19 | F6: 9.5
A7: Com2 | B7: Compressor 2 | C7: 1.2 | D7: Process C | E7: 21 | F7: 10.5

Sheet Produccion
A1: Date | B1: Shift | C1: Part number | D1: Proceso | E1: Planned minutes | F1: Total downtime | G1: Operating time (OT) | H1: Production requirement (# pieces) | I1: TOTAL PARTS PRODUCED | J1: Warranty | K1: Performance
A2: 45474 | B2: 1st | C2: Cab123 | D2: =_xlfn.XLOOKUP(C2,'Part code'!A:A,'Part code'!D:D) -> Process A | E2: 480 | F2: =SUMIFS('Eventos de perdida'!G:G,'Eventos de perdida'!D:D,A2,'Eventos de perdida'!E:E,B2,'Eventos de perdida'!F:F,C2) -> 35 | G2: =E2-F2 -> 445 | H2: =ROUNDDOWN(E2/_xlfn.XLOOKUP(C2,'[1]Part code'!A:A,'[1]Part code'!C:C),0) -> 480 | I2: =ROUNDDOWN(G2/_xlfn.XLOOKUP(C2,'[1]Part code'!A:A,'[1]Part code'!C:C),0) -> 445 | J2: 5 | K2: =I2*_xlfn.XLOOKUP(C2,'Part code'!A:A,'Part code'!C:C)/G2 -> 1
A3: 45474 | B3: 2nd | C3: Cab123 | D3: =_xlfn.XLOOKUP(C3,'Part code'!A:A,'Part code'!D:D) -> Process A | E3: 200 | F3: =SUMIFS('Eventos de perdida'!G:G,'Eventos de perdida'!D:D,A3,'Eventos de perdida'!E:E,B3,'Eventos de perdida'!F:F,C3) -> 0 | G3: =E3-F3 -> 200 | H3: =ROUNDDOWN(E3/_xlfn.XLOOKUP(C3,'[1]Part code'!A:A,'[1]Part code'!C:C),0) -> 200 | I3: =ROUNDDOWN(G3/_xlfn.XLOOKUP(C3,'[1]Part code'!A:A,'[1]Part code'!C:C),0) -> 200 | J3: 5 | K3: =I3*_xlfn.XLOOKUP(C3,'Part code'!A:A,'Part code'!C:C)/G3 -> 1
A4: 45474 | B4: 2nd | C4: Cab456 | D4: =_xlfn.XLOOKUP(C4,'Part code'!A:A,'Part code'!D:D) -> Process A | E4: 280 | F4: =SUMIFS('Eventos de perdida'!G:G,'Eventos de perdida'!D:D,A4,'Eventos de perdida'!E:E,B4,'Eventos de perdida'!F:F,C4) -> 30 | G4: =E4-F4 -> 250 | H4: =ROUNDDOWN(E4/_xlfn.XLOOKUP(C4,'[1]Part code'!A:A,'[1]Part code'!C:C),0) -> 280 | I4: =ROUNDDOWN(G4/_xlfn.XLOOKUP(C4,'[1]Part code'!A:A,'[1]Part code'!C:C),0) -> 250 | J4: 5 | K4: =I4*_xlfn.XLOOKUP(C4,'Part code'!A:A,'Part code'!C:C)/G4 -> 1
A5: 45474 | B5: 2nd | C5: Door78 | D5: =_xlfn.XLOOKUP(C5,'Part code'!A:A,'Part code'!D:D) -> Process B | E5: 480 | F5: =SUMIFS('Eventos de perdida'!G:G,'Eventos de perdida'!D:D,A5,'Eventos de perdida'!E:E,B5,'Eventos de perdida'!F:F,C5) -> 0 | G5: =E5-F5 -> 480 | H5: =ROUNDDOWN(E5/_xlfn.XLOOKUP(C5,'[1]Part code'!A:A,'[1]Part code'!C:C),0) -> 533 | I5: =ROUNDDOWN(G5/_xlfn.XLOOKUP(C5,'[1]Part code'!A:A,'[1]Part code'!C:C),0) -> 533 | J5: 2 | K5: =I5*_xlfn.XLOOKUP(C5,'Part code'!A:A,'Part code'!C:C)/G5 -> 0.999375
A6: 45474 | B6: 1st | C6: Door89 | D6: =_xlfn.XLOOKUP(C6,'Part code'!A:A,'Part code'!D:D) -> Process B | E6: 200 | F6: =SUMIFS('Eventos de perdida'!G:G,'Eventos de perdida'!D:D,A6,'Eventos de perdida'!E:E,B6,'Eventos de perdida'!F:F,C6) -> 43 | G6: =E6-F6 -> 157 | H6: =ROUNDDOWN(E6/_xlfn.XLOOKUP(C6,'[1]Part code'!A:A,'[1]Part code'!C:C),0) -> 210 | I6: =ROUNDDOWN(G6/_xlfn.XLOOKUP(C6,'[1]Part code'!A:A,'[1]Part code'!C:C),0) -> 165 | J6: 3 | K6: =I6*_xlfn.XLOOKUP(C6,'Part code'!A:A,'Part code'!C:C)/G6 -> 0.99840764
A7: 45474 | B7: 1st | C7: Door78 | D7: =_xlfn.XLOOKUP(C7,'Part code'!A:A,'Part code'!D:D) -> Process B | E7: 280 | F7: =SUMIFS('Eventos de perdida'!G:G,'Eventos de perdida'!D:D,A7,'Eventos de perdida'!E:E,B7,'Eventos de perdida'!F:F,C7) -> 0 | G7: =E7-F7 -> 280 | H7: =ROUNDDOWN(E7/_xlfn.XLOOKUP(C7,'[1]Part code'!A:A,'[1]Part code'!C:C),0) -> 311 | I7: =ROUNDDOWN(G7/_xlfn.XLOOKUP(C7,'[1]Part code'!A:A,'[1]Part code'!C:C),0) -> 311 | J7: 1 | K7: =I7*_xlfn.XLOOKUP(C7,'Part code'!A:A,'Part code'!C:C)/G7 -> 0.99964286
A8: 45474 | B8: 1st | C8: Com1 | D8: =_xlfn.XLOOKUP(C8,'Part code'!A:A,'Part code'!D:D) -> Process C | E8: 480 | F8: =SUMIFS('Eventos de perdida'!G:G,'Eventos de perdida'!D:D,A8,'Eventos de perdida'!E:E,B8,'Eventos de perdida'!F:F,C8) -> 0 | G8: =E8-F8 -> 480 | H8: =ROUNDDOWN(E8/_xlfn.XLOOKUP(C8,'[1]Part code'!A:A,'[1]Part code'!C:C),0) -> 436 | I8: =ROUNDDOWN(G8/_xlfn.XLOOKUP(C8,'[1]Part code'!A:A,'[1]Part code'!C:C),0) -> 436 | J8: 4 | K8: =I8*_xlfn.XLOOKUP(C8,'Part code'!A:A,'Part code'!C:C)/G8 -> 0.99916667
A9: 45474 | B9: 2nd | C9: Com2 | D9: =_xlfn.XLOOKUP(C9,'Part code'!A:A,'Part code'!D:D) -> Process C | E9: 200 | F9: =SUMIFS('Eventos de perdida'!G:G,'Eventos de perdida'!D:D,A9,'Eventos de perdida'!E:E,B9,'Eventos de perdida'!F:F,C9) -> 0 | G9: =E9-F9 -> 200 | H9: =ROUNDDOWN(E9/_xlfn.XLOOKUP(C9,'[1]Part code'!A:A,'[1]Part code'!C:C),0) -> 166 | I9: =ROUNDDOWN(G9/_xlfn.XLOOKUP(C9,'[1]Part code'!A:A,'[1]Part code'!C:C),0) -> 166 | J9: 5 | K9: =I9*_xlfn.XLOOKUP(C9,'Part code'!A:A,'Part code'!C:C)/G9 -> 0.996
A10: 45474 | B10: 2nd | C10: Com1 | D10: =_xlfn.XLOOKUP(C10,'Part code'!A:A,'Part code'!D:D) -> Process C | E10: 280 | F10: =SUMIFS('Eventos de perdida'!G:G,'Eventos de perdida'!D:D,A10,'Eventos de perdida'!E:E,B10,'Eventos de perdida'!F:F,C10) -> 55 | G10: =E10-F10 -> 225 | H10: =ROUNDDOWN(E10/_xlfn.XLOOKUP(C10,'[1]Part code'!A:A,'[1]Part code'!C:C),0) -> 254 | I10: =ROUNDDOWN(G10/_xlfn.XLOOKUP(C10,'[1]Part code'!A:A,'[1]Part code'!C:C),0) -> 204 | J10: 6 | K10: =I10*_xlfn.XLOOKUP(C10,'Part code'!A:A,'Part code'!C:C)/G10 -> 0.99733333
A11: 45475 | B11: 2nd | C11: Cab456 | D11: =_xlfn.XLOOKUP(C11,'Part code'!A:A,'Part code'!D:D) -> Process A | E11: 240 | F11: =SUMIFS('Eventos de perdida'!G:G,'Eventos de perdida'!D:D,A11,'Eventos de perdida'!E:E,B11,'Eventos de perdida'!F:F,C11) -> 0 | G11: =E11-F11 -> 240 | H11: =ROUNDDOWN(E11/_xlfn.XLOOKUP(C11,'[1]Part code'!A:A,'[1]Part code'!C:C),0) -> 240 | I11: =ROUNDDOWN(G11/_xlfn.XLOOKUP(C11,'[1]Part code'!A:A,'[1]Part code'!C:C),0) -> 240 | J11: 2 | K11: =I11*_xlfn.XLOOKUP(C11,'Part code'!A:A,'Part code'!C:C)/G11 -> 1
A12: 45475 | B12: 2nd | C12: Cab123 | D12: =_xlfn.XLOOKUP(C12,'Part code'!A:A,'Part code'!D:D) -> Process A | E12: 240 | F12: =SUMIFS('Eventos de perdida'!G:G,'Eventos de perdida'!D:D,A12,'Eventos de perdida'!E:E,B12,'Eventos de perdida'!F:F,C12) -> 67 | G12: =E12-F12 -> 173 | H12: =ROUNDDOWN(E12/_xlfn.XLOOKUP(C12,'[1]Part code'!A:A,'[1]Part code'!C:C),0) -> 240 | I12: =ROUNDDOWN(G12/_xlfn.XLOOKUP(C12,'[1]Part code'!A:A,'[1]Part code'!C:C),0) -> 173 | J12: 3 | K12: =I12*_xlfn.XLOOKUP(C12,'Part code'!A:A,'Part code'!C:C)/G12 -> 1
A13: 45475 | B13: 1st | C13: Cab456 | D13: =_xlfn.XLOOKUP(C13,'Part code'!A:A,'Part code'!D:D) -> Process A | E13: 480 | F13: =SUMIFS('Eventos de perdida'!G:G,'Eventos de perdida'!D:D,A13,'Eventos de perdida'!E:E,B13,'Eventos de perdida'!F:F,C13) -> 0 | G13: =E13-F13 -> 480 | H13: =ROUNDDOWN(E13/_xlfn.XLOOKUP(C13,'[1]Part code'!A:A,'[1]Part code'!C:C),0) -> 480 | I13: =ROUNDDOWN(G13/_xlfn.XLOOKUP(C13,'[1]Part code'!A:A,'[1]Part code'!C:C),0) -> 480 | J13: 4 | K13: =I13*_xlfn.XLOOKUP(C13,'Part code'!A:A,'Part code'!C:C)/G13 -> 1
... A208: 45504 | B208: 2nd | C208: Com2 | D208: =_xlfn.XLOOKUP(C208,'Part code'!A:A,'Part code'!D:D) -> Process C | E208: 480 | F208: =SUMIFS('Eventos de perdida'!G:G,'Eventos de perdida'!D:D,A208,'Eventos de perdida'!E:E,B208,'Eventos de perdida'!F:F,C208) -> 0 | G208: =E208-F208 -> 480 | H208: =ROUNDDOWN(E208/_xlfn.XLOOKUP(C208,'[1]Part code'!A:A,'[1]Part code'!C:C),0) -> 400 | I208: =ROUNDDOWN(G208/_xlfn.XLOOKUP(C208,'[1]Part code'!A:A,'[1]Part code'!C:C),0) -> 400 | J208: 6 | K208: =I208*_xlfn.XLOOKUP(C208,'Part code'!A:A,'Part code'!C:C)/G208 -> 1

Sheet Eventos de perdida
A1: Loss event ID | B1: Process | C1: Machine | D1: Date | E1: Shift | F1: Part code | G1: duration (minutes) | H1: OEE LOSS TYPE | I1: Impacto por minuto | J1: $ LOSS (Impacto en KPI Financiero) por tiempo perdido | K1: SCRAP parts | L1: REWORK parts
A2: 1 | B2: Process A | C2: Load A | D2: 45474 | E2: 1st | F2: Cab123 | G2: 35 | H2: Breakdown | I2: =_xlfn.XLOOKUP(F2,'Part code'!A:A,'Part code'!E:E)/_xlfn.XLOOKUP(F2,'Part code'!A:A,'Part code'!C:C) -> 25 | J2: =G2*I2 -> 875 | K2: 0 | L2: 2
A3: 2 | B3: Process A | C3: Load A | D3: 45474 | E3: 2nd | F3: Cab456 | G3: 30 | H3: Planned Changeover | I3: =_xlfn.XLOOKUP(F3,'Part code'!A:A,'Part code'!E:E)/_xlfn.XLOOKUP(F3,'Part code'!A:A,'Part code'!C:C) -> 30 | J3: =G3*I3 -> 900 | K3: 1 | L3: 2
A4: 3 | B4: Process B | C4: Main B2 | D4: 45474 | E4: 1st | F4: Door89 | G4: 43 | H4: Unplanned Changeover | I4: =_xlfn.XLOOKUP(F4,'Part code'!A:A,'Part code'!E:E)/_xlfn.XLOOKUP(F4,'Part code'!A:A,'Part code'!C:C) -> 15.789474 | J4: =G4*I4 -> 678.94737 | K4: 5 | L4: 1
A5: 4 | B5: Process C | C5: Load C | D5: 45474 | E5: 2nd | F5: Com1 | G5: 55 | H5: Setup and adjustments | I5: =_xlfn.XLOOKUP(F5,'Part code'!A:A,'Part code'!E:E)/_xlfn.XLOOKUP(F5,'Part code'!A:A,'Part code'!C:C) -> 17.272727 | J5: =G5*I5 -> 950 | K5: 0 | L5: 0
A6: 5 | B6: Process B | C6: Main B1 | D6: 45475 | E6: 1st | F6: Door89 | G6: 15 | H6: Tool Replacement | I6: =_xlfn.XLOOKUP(F6,'Part code'!A:A,'Part code'!E:E)/_xlfn.XLOOKUP(F6,'Part code'!A:A,'Part code'!C:C) -> 15.789474 | J6: =G6*I6 -> 236.84211 | K6: 0 | L6: 0
A7: 6 | B7: Process A | C7: Transfer A | D7: 45475 | E7: 2nd | F7: Cab123 | G7: 67 | H7: Lack of operators | I7: =_xlfn.XLOOKUP(F7,'Part code'!A:A,'Part code'!E:E)/_xlfn.XLOOKUP(F7,'Part code'!A:A,'Part code'!C:C) -> 25 | J7: =G7*I7 -> 1675 | K7: 0 | L7: 0
A8: 7 | B8: Process C | C8: Main C | D8: 45476 | E8: 1st | F8: Com1 | G8: 81 | H8: Lack of material | I8: =_xlfn.XLOOKUP(F8,'Part code'!A:A,'Part code'!E:E)/_xlfn.XLOOKUP(F8,'Part code'!A:A,'Part code'!C:C) -> 17.272727 | J8: =G8*I8 -> 1399.0909 | K8: 0 | L8: 0
A9: 8 | B9: Process A | C9: Main A | D9: 45476 | E9: 2nd | F9: Cab123 | G9: 5 | H9: Micro Stoppages | I9: =_xlfn.XLOOKUP(F9,'Part code'!A:A,'Part code'!E:E)/_xlfn.XLOOKUP(F9,'Part code'!A:A,'Part code'!C:C) -> 25 | J9: =G9*I9 -> 125 | K9: 0 | L9: 0
A10: 9 | B10: Process C | C10: Transfer C | D10: 45476 | E10: 1st | F10: Com1 | G10: 15 | H10: Speed Reduction | I10: =_xlfn.XLOOKUP(F10,'Part code'!A:A,'Part code'!E:E)/_xlfn.XLOOKUP(F10,'Part code'!A:A,'Part code'!C:C) -> 17.272727 | J10: =G10*I10 -> 259.09091 | K10: 0 | L10: 0
A11: 10 | B11: Process B | C11: Main B2 | D11: 45477 | E11: 2nd | F11: Door78 | G11: 9 | H11: Shortage of operators | I11: =_xlfn.XLOOKUP(F11,'Part code'!A:A,'Part code'!E:E)/_xlfn.XLOOKUP(F11,'Part code'!A:A,'Part code'!C:C) -> 22.222222 | J11: =G11*I11 -> 200 | K11: 0 | L11: 0
A12: 11 | B12: Process B | C12: Transfer B | D12: 45478 | E12: 1st | F12: Door89 | G12: 5 | H12: Line Blocked | I12: =_xlfn.XLOOKUP(F12,'Part code'!A:A,'Part code'!E:E)/_xlfn.XLOOKUP(F12,'Part code'!A:A,'Part code'!C:C) -> 15.789474 | J12: =G12*I12 -> 78.947368 | K12: 0 | L12: 0
A13: 12 | B13: Process A | C13: Load A | D13: 45478 | E13: 2nd | F13: Cab123 | G13: 5 | H13: Line Starved | I13: =_xlfn.XLOOKUP(F13,'Part code'!A:A,'Part code'!E:E)/_xlfn.XLOOKUP(F13,'Part code'!A:A,'Part code'!C:C) -> 25 | J13: =G13*I13 -> 125 | K13: 0 | L13: 0
... A101: 100 | B101: Process A | C101: Main A | D101: 45504 | E101: 1st | F101: Cab456 | G101: 12 | H101: Speed Reduction | I101: =_xlfn.XLOOKUP(F101,'Part code'!A:A,'Part code'!E:E)/_xlfn.XLOOKUP(F101,'Part code'!A:A,'Part code'!C:C) -> 30 | J101: =G101*I101 -> 360 | K101: 0 | L101: 0

Sheet Tipo de perdidas
A1: Tipo de perdida | B1: Categoria OEE
A2: Breakdown | B2: Disponibilidad
A3: Planned Changeover | B3: Disponibilidad
A4: Unplanned Changeover | B4: Disponibilidad
A5: Setup and adjustments | B5: Disponibilidad
A6: Tool Replacement | B6: Disponibilidad
A7: Lack of operators | B7: Disponibilidad
A8: Lack of material | B8: Disponibilidad
A9: Micro Stoppages | B9: Desempeño
A10: Speed Reduction | B10: Desempeño
A11: Shortage of operators | B11: Desempeño
A12: Line Blocked | B12: Desempeño
... A14: Lack of Quality | B14: Calidad
